ID,Test,Status,Started,Completed
1,login,FAILED,2025-12-20T20:28,2025-12-20T20:28:09
2,login,FAILED,2025-12-20T20:28:01,2025-12-20T20:28:09
3,login,FAILED,2025-12-20T20:28:02,2025-12-20T20:28:09
4,GetUsers200,FAILED,2025-12-20T20:28:13,2025-12-20T20:28:20
5,GetUsers200,FAILED,2025-12-20T20:28:14,2025-12-20T20:28:21
6,GetUsers200,PASSED,2025-12-20T20:28:16,2025-12-20T20:28:18
7,GetUsers200,PASSED,2025-12-20T20:28:18,2025-12-20T20:28:19
8,GetUsers200,PASSED,2025-12-20T20:50:05,2025-12-20T20:50:06
9,GetUsers200,PASSED,2025-12-20T20:50:19,2025-12-20T20:50:20
10,UpdateUser500,FAILED,2025-12-20T20:52:59,2025-12-20T20:53:06
11,login,FAILED,2025-12-20T20:56:02,2025-12-20T20:56:08
12,UpdateUser500,FAILED,2025-12-20T20:57:18,2025-12-20T20:57:25
13,UpdateUser500,FAILED,2025-12-20T20:57:25,2025-12-20T20:57:33
14,login,FAILED,2025-12-21T09:33:35,2025-12-21T09:33:42
15,w22,FAILED,2025-12-21T10:23:35,2025-12-21T10:23:45
16,login,FAILED,2025-12-21T11:56:43,2025-12-21T11:56:53
17,login,FAILED,2025-12-21T11:56:43,2025-12-21T11:56:52
18,login,FAILED,2025-12-21T11:56:51,2025-12-21T11:56:58
19,login,FAILED,2025-12-21T11:56:52,2025-12-21T11:57
20,login,FAILED,2025-12-21T11:56:52,2025-12-21T11:57:01
